SL,KMC,OLC,TIC,MCI,Scale,Year
4.0,3.0,3.0,3.0,4.0,1,2
4.0,2.0,2.0,3.0,3.0,3,5
5.0,5.0,4.0,4.0,5.0,3,5
3.0,3.0,2.0,2.0,4.0,2,3
4.0,4.0,5.0,4.0,4.0,4,4
3.0,2.0,2.0,4.0,4.0,3,5
5.0,5.0,4.0,4.0,5.0,4,4
5.0,4.0,5.0,5.0,3.0,2,4
4.0,5.0,4.0,4.0,5.0,3,2
4.0,3.0,3.0,3.0,4.0,2,5
4.0,4.0,3.0,3.0,2.0,2,2
4.0,5.0,4.0,4.0,4.0,3,4
4.0,4.0,4.0,4.0,5.0,1,2
3.0,4.0,4.0,4.0,4.0,1,1
4.0,4.0,4.0,2.0,2.0,3,3
4.0,5.0,4.0,4.0,4.0,2,3
3.0,4.0,3.0,3.0,4.0,2,3
2.0,4.0,2.0,2.0,4.0,2,4
4.0,3.0,3.0,2.0,2.0,4,4
3.0,3.0,3.0,3.0,4.0,3,4
4.0,5.0,5.0,4.0,5.0,2,1
4.0,4.0,4.0,4.0,4.0,1,2
4.0,4.0,5.0,4.0,5.0,4,4
4.0,3.0,4.0,2.0,2.0,2,3
4.0,4.0,4.0,4.0,4.0,2,2
4.0,4.0,3.0,3.0,3.0,3,4
4.0,3.0,4.0,5.0,3.0,4,3
4.0,4.0,4.0,3.0,3.0,3,2
4.0,4.0,4.0,4.0,3.0,4,3
4.0,4.0,4.0,3.0,2.0,2,2
4.0,4.0,4.0,4.0,4.0,1,1
3.0,4.0,3.0,3.0,2.0,1,2
4.0,4.0,4.0,4.0,5.0,2,3
4.0,4.0,4.0,4.0,3.0,2,5
2.0,3.0,3.0,4.0,2.0,3,3
4.0,4.0,5.0,4.0,5.0,3,5
2.0,3.0,2.0,4.0,2.0,3,3
4.0,4.0,5.0,4.0,4.0,2,2
4.0,3.0,3.0,4.0,3.0,4,3
4.0,4.0,5.0,4.0,4.0,3,3
3.0,3.0,4.0,3.0,4.0,3,3
4.0,4.0,4.0,4.0,4.0,4,3
5.0,4.0,4.0,3.0,5.0,4,4
5.0,4.0,4.0,4.0,4.0,4,3
3.0,3.0,4.0,3.0,3.0,2,4
3.0,4.0,2.0,3.0,2.0,2,4
5.0,4.0,5.0,4.0,4.0,3,3
3.0,3.0,2.0,3.0,3.0,2,3
4.0,4.0,4.0,3.0,4.0,3,4
4.0,2.0,2.0,2.0,4.0,2,2
4.0,4.0,3.0,3.0,4.0,2,2
2.0,2.0,2.0,3.0,4.0,3,5
4.0,4.0,4.0,3.0,3.0,3,3
3.0,4.0,4.0,2.0,4.0,2,5
4.0,4.0,4.0,4.0,4.0,2,3
2.0,2.0,3.0,3.0,4.0,3,4
4.0,4.0,5.0,5.0,4.0,3,2
4.0,3.0,5.0,4.0,5.0,1,1
4.0,3.0,4.0,3.0,3.0,3,3
4.0,3.0,3.0,3.0,2.0,2,3
3.0,4.0,3.0,3.0,3.0,2,2
2.0,3.0,3.0,2.0,3.0,2,2
4.0,4.0,4.0,2.0,3.0,3,4
3.0,2.0,3.0,3.0,3.0,3,4
3.0,4.0,4.0,2.0,3.0,2,3
3.0,4.0,3.0,2.0,2.0,4,4
3.0,4.0,4.0,3.0,2.0,2,1
4.0,4.0,3.0,4.0,3.0,2,1
4.0,4.0,4.0,3.0,3.0,3,4
4.0,3.0,3.0,3.0,3.0,2,5
4.0,5.0,4.0,5.0,4.0,1,2
3.0,4.0,4.0,2.0,3.0,3,4
3.0,3.0,3.0,3.0,3.0,3,5
3.0,3.0,4.0,2.0,3.0,3,2
3.0,3.0,3.0,3.0,2.0,1,2
4.0,4.0,4.0,3.0,2.0,2,1
4.0,4.0,4.0,4.0,5.0,3,2
3.0,4.0,4.0,4.0,4.0,1,1
2.0,2.0,3.0,4.0,4.0,1,2
4.0,4.0,3.0,3.0,2.0,3,3
4.0,3.0,3.0,3.0,3.0,1,2
3.0,3.0,3.0,4.0,4.0,3,3
5.0,5.0,4.0,4.0,3.0,2,2
4.0,3.0,4.0,3.0,3.0,3,3
2.0,3.0,2.0,2.0,3.0,2,3
4.0,4.0,4.0,4.0,4.0,4,4
4.0,3.0,4.0,3.0,2.0,1,2
4.0,5.0,4.0,4.0,4.0,3,4
4.0,4.0,4.0,3.0,2.0,3,3
4.0,4.0,4.0,4.0,3.0,2,3
4.0,4.0,4.0,4.0,5.0,2,1
2.0,2.0,3.0,3.0,3.0,2,4
4.0,3.0,4.0,3.0,2.0,1,1
3.0,3.0,3.0,3.0,4.0,1,2
3.0,3.0,3.0,3.0,4.0,1,1
4.0,4.0,5.0,4.0,4.0,1,2
4.0,5.0,5.0,5.0,5.0,3,3
5.0,5.0,4.0,5.0,4.0,4,4
2.0,3.0,2.0,3.0,4.0,4,3
3.0,3.0,3.0,3.0,2.0,3,3
2.0,3.0,2.0,2.0,4.0,2,2
2.0,2.0,3.0,2.0,3.0,2,1
3.0,3.0,3.0,4.0,2.0,3,5
5.0,4.0,4.0,4.0,4.0,1,2
3.0,3.0,3.0,2.0,4.0,2,3
5.0,4.0,5.0,4.0,4.0,3,3
4.0,3.0,3.0,3.0,3.0,2,2
5.0,4.0,4.0,4.0,5.0,2,2
5.0,5.0,3.0,4.0,4.0,2,2
3.0,3.0,3.0,3.0,4.0,1,2
5.0,4.0,4.0,4.0,4.0,3,3
4.0,4.0,4.0,4.0,3.0,2,2
4.0,3.0,2.0,3.0,1.0,2,2
3.0,2.0,3.0,3.0,3.0,3,4
3.0,2.0,3.0,3.0,2.0,4,3
3.0,2.0,3.0,4.0,3.0,3,3
3.0,3.0,2.0,3.0,2.0,2,3
3.0,3.0,5.0,4.0,3.0,3,3
3.0,4.0,3.0,3.0,2.0,2,5
3.0,3.0,2.0,2.0,3.0,2,3
3.0,4.0,3.0,3.0,3.0,1,1
3.0,3.0,3.0,3.0,3.0,3,3
4.0,3.0,3.0,3.0,2.0,3,3
5.0,5.0,4.0,5.0,4.0,3,3
4.0,4.0,4.0,4.0,5.0,1,2
3.0,3.0,2.0,4.0,3.0,1,1
4.0,5.0,4.0,5.0,4.0,3,3
4.0,5.0,4.0,5.0,4.0,4,3
4.0,4.0,4.0,4.0,3.0,2,3
4.0,2.0,4.0,3.0,2.0,4,3
4.0,4.0,4.0,4.0,4.0,3,2
3.0,3.0,3.0,4.0,4.0,1,1
3.0,4.0,2.0,2.0,3.0,2,4
3.0,2.0,3.0,3.0,4.0,3,4
4.0,2.0,2.0,2.0,2.0,3,4
4.0,4.0,5.0,4.0,5.0,3,3
2.0,4.0,3.0,3.0,2.0,3,3
4.0,3.0,3.0,3.0,2.0,1,1
2.0,4.0,2.0,3.0,5.0,4,4
2.0,3.0,2.0,3.0,3.0,3,3
2.0,3.0,3.0,3.0,2.0,3,3
4.0,4.0,3.0,4.0,3.0,1,2
3.0,3.0,2.0,3.0,5.0,3,3
4.0,4.0,3.0,4.0,5.0,3,3
5.0,4.0,5.0,4.0,5.0,1,1
3.0,3.0,4.0,2.0,3.0,4,5
4.0,4.0,4.0,4.0,4.0,3,2
2.0,3.0,2.0,2.0,3.0,2,2
3.0,3.0,3.0,4.0,4.0,2,1
3.0,3.0,2.0,3.0,2.0,1,1
3.0,2.0,3.0,5.0,4.0,2,2
4.0,3.0,4.0,2.0,2.0,3,4
2.0,4.0,3.0,3.0,4.0,3,4
2.0,3.0,2.0,3.0,4.0,4,3
3.0,2.0,4.0,3.0,2.0,2,2
3.0,3.0,3.0,3.0,4.0,3,3
4.0,4.0,4.0,4.0,4.0,4,4
3.0,5.0,4.0,4.0,4.0,4,3
5.0,5.0,5.0,4.0,5.0,2,4
3.0,2.0,3.0,4.0,4.0,3,3
3.0,3.0,3.0,1.0,2.0,3,3
3.0,3.0,3.0,3.0,3.0,4,4
3.0,3.0,3.0,2.0,2.0,2,1
3.0,4.0,3.0,2.0,2.0,3,4
4.0,5.0,3.0,4.0,4.0,3,4
3.0,4.0,3.0,4.0,4.0,2,3
3.0,3.0,2.0,3.0,2.0,3,3
3.0,4.0,3.0,4.0,3.0,3,2
2.0,2.0,3.0,3.0,3.0,1,1
4.0,4.0,4.0,4.0,2.0,1,2
2.0,3.0,3.0,2.0,5.0,1,2
3.0,3.0,3.0,3.0,3.0,3,3
3.0,2.0,3.0,3.0,2.0,1,1
4.0,3.0,4.0,2.0,4.0,4,3
3.0,3.0,2.0,2.0,3.0,3,3
3.0,3.0,2.0,3.0,3.0,2,5
3.0,4.0,3.0,3.0,4.0,3,3
4.0,3.0,5.0,4.0,5.0,3,5
4.0,5.0,4.0,4.0,4.0,2,4
3.0,3.0,3.0,4.0,4.0,1,1
4.0,3.0,3.0,3.0,3.0,3,4
4.0,4.0,4.0,5.0,4.0,2,3
2.0,3.0,3.0,4.0,3.0,2,3
5.0,4.0,4.0,5.0,4.0,4,3
2.0,3.0,3.0,4.0,4.0,2,2
3.0,3.0,2.0,3.0,4.0,2,2
4.0,3.0,2.0,4.0,2.0,3,3
4.0,3.0,5.0,5.0,5.0,2,2
4.0,5.0,4.0,5.0,3.0,3,4
4.0,4.0,5.0,5.0,3.0,2,1
3.0,3.0,2.0,3.0,2.0,3,4
4.0,5.0,4.0,4.0,5.0,3,3
2.0,2.0,3.0,3.0,2.0,2,3
2.0,3.0,3.0,3.0,2.0,3,3
3.0,3.0,3.0,2.0,3.0,2,3
4.0,4.0,2.0,3.0,3.0,3,3
3.0,2.0,4.0,2.0,4.0,3,4
3.0,3.0,2.0,3.0,3.0,2,2
2.0,3.0,3.0,3.0,2.0,2,2
3.0,3.0,2.0,3.0,3.0,3,3
5.0,4.0,5.0,4.0,4.0,2,4
4.0,5.0,4.0,5.0,2.0,1,2
3.0,4.0,3.0,3.0,3.0,3,4
2.0,3.0,2.0,2.0,2.0,4,3
5.0,5.0,4.0,4.0,3.0,2,2
4.0,4.0,4.0,4.0,5.0,2,3
4.0,4.0,4.0,3.0,5.0,1,1
5.0,4.0,4.0,4.0,5.0,4,3
3.0,3.0,3.0,3.0,3.0,1,1
2.0,3.0,2.0,3.0,4.0,3,2
4.0,4.0,4.0,4.0,3.0,3,5
4.0,2.0,3.0,3.0,2.0,2,3
2.0,3.0,2.0,4.0,3.0,4,3
2.0,3.0,2.0,3.0,4.0,4,4
3.0,5.0,4.0,4.0,4.0,2,2
2.0,2.0,3.0,3.0,3.0,2,4
3.0,5.0,4.0,3.0,4.0,2,4
3.0,2.0,3.0,3.0,2.0,1,2
3.0,3.0,3.0,3.0,4.0,4,3
4.0,4.0,5.0,5.0,4.0,2,2
3.0,3.0,2.0,4.0,2.0,2,2
3.0,3.0,3.0,3.0,4.0,2,3
4.0,4.0,4.0,5.0,4.0,3,3
3.0,3.0,3.0,2.0,2.0,2,2
3.0,4.0,3.0,4.0,3.0,2,2
4.0,3.0,4.0,3.0,2.0,2,3
3.0,3.0,3.0,3.0,1.0,2,4
2.0,3.0,3.0,3.0,5.0,3,4
3.0,2.0,3.0,3.0,2.0,2,2
3.0,3.0,3.0,4.0,4.0,3,3
2.0,3.0,3.0,3.0,3.0,3,2
3.0,2.0,3.0,3.0,4.0,1,2
4.0,4.0,3.0,3.0,3.0,4,4
5.0,4.0,4.0,4.0,5.0,4,4
3.0,3.0,3.0,3.0,2.0,1,2
5.0,4.0,5.0,4.0,5.0,3,3
3.0,4.0,3.0,4.0,3.0,3,3
2.0,3.0,4.0,3.0,4.0,1,1
3.0,2.0,3.0,3.0,3.0,2,4
4.0,5.0,4.0,4.0,4.0,4,3
4.0,4.0,4.0,5.0,5.0,3,5
4.0,3.0,3.0,2.0,5.0,4,4
2.0,3.0,2.0,3.0,2.0,4,4
4.0,4.0,4.0,4.0,3.0,4,3
3.0,4.0,3.0,3.0,4.0,4,4
4.0,3.0,4.0,2.0,2.0,3,3
3.0,3.0,4.0,2.0,3.0,3,2
3.0,3.0,3.0,3.0,2.0,2,4
3.0,3.0,3.0,3.0,3.0,3,3
2.0,2.0,3.0,4.0,2.0,3,3
3.0,4.0,4.0,4.0,5.0,3,4
3.0,2.0,3.0,2.0,2.0,2,2
4.0,4.0,3.0,2.0,4.0,4,3
4.0,3.0,4.0,4.0,5.0,2,5
4.0,4.0,3.0,3.0,4.0,2,2
3.0,3.0,3.0,4.0,2.0,3,3
4.0,4.0,4.0,4.0,5.0,2,2
3.0,4.0,4.0,5.0,5.0,2,2
4.0,5.0,4.0,4.0,3.0,4,3
3.0,4.0,3.0,4.0,1.0,2,5
2.0,3.0,2.0,2.0,4.0,3,2
2.0,3.0,3.0,2.0,3.0,2,2
2.0,3.0,3.0,2.0,3.0,3,5
3.0,3.0,3.0,3.0,2.0,2,5
4.0,2.0,3.0,3.0,4.0,2,4
3.0,4.0,5.0,4.0,5.0,2,2
3.0,3.0,4.0,3.0,4.0,3,3
4.0,4.0,5.0,5.0,5.0,2,4
4.0,5.0,4.0,4.0,5.0,3,3
3.0,2.0,3.0,3.0,2.0,2,3
2.0,4.0,4.0,3.0,4.0,3,5
3.0,5.0,5.0,4.0,5.0,4,4
2.0,3.0,4.0,3.0,3.0,1,1
3.0,3.0,3.0,3.0,4.0,1,1
4.0,3.0,2.0,2.0,2.0,3,2
3.0,4.0,4.0,4.0,3.0,2,2
3.0,3.0,3.0,4.0,3.0,1,2
3.0,3.0,3.0,2.0,2.0,1,1
4.0,5.0,5.0,4.0,5.0,3,3
4.0,4.0,4.0,5.0,4.0,3,4
3.0,3.0,3.0,4.0,4.0,3,3
2.0,3.0,2.0,3.0,5.0,3,2
3.0,3.0,3.0,3.0,3.0,1,2
5.0,5.0,5.0,4.0,5.0,3,3
2.0,4.0,2.0,2.0,3.0,2,1
4.0,2.0,3.0,4.0,2.0,3,2
2.0,4.0,4.0,5.0,3.0,3,4
3.0,3.0,3.0,2.0,3.0,1,1
2.0,3.0,2.0,3.0,2.0,2,2
3.0,3.0,3.0,3.0,2.0,1,2
2.0,3.0,3.0,2.0,4.0,3,4
3.0,2.0,2.0,3.0,3.0,1,1
3.0,3.0,3.0,4.0,3.0,1,1
5.0,5.0,5.0,4.0,4.0,2,4
4.0,4.0,5.0,4.0,5.0,4,5
4.0,5.0,5.0,5.0,5.0,2,4
2.0,3.0,4.0,3.0,2.0,3,4
2.0,3.0,4.0,3.0,3.0,3,3
3.0,3.0,3.0,3.0,2.0,4,3
3.0,2.0,3.0,3.0,1.0,2,4
3.0,3.0,2.0,2.0,3.0,2,2
2.0,3.0,3.0,4.0,3.0,3,4
